name,address,borough,latitude,longitude,phone,website,clinic_type,has_sti_testing,has_hiv_testing,has_prep,has_pep,hours,walk_in,data_source,notes
Community Health Care Association of New York State,Community Health Care Association of New York State,,,,(518) 434-0767,,HIV Testing,true,true,false,false,,,NYC Open Data: hiv_testing,
Community Healthcare Network,Community Healthcare Network - Mobile Unit,,40.8407,-73.94163,(212) 545-2495,"http://www.chnnyc.org/find-us/mobile-van, https://www.facebook.com/CommunityHealthcareNetwork, https://www.twitter.com/chnnyc",HIV Testing,true,true,false,false,Tuesday: 1:00PM - 9:00PM; Thursday: 12:00PM - 8:00PM; Friday: 1:00PM - 9:00PM,,NYC Open Data: hiv_testing,
NYC DOHMH,NYC DOHMH STD Control,,,,,,HIV Testing,true,true,false,false,,,NYC Open Data: hiv_testing,
New York State Health Department,NY State DOH AIDS Institute,,,,1-800-541-AIDS,http://www.health.ny.gov/diseases/aids/,HIV Testing,true,true,false,false,,,NYC Open Data: hiv_testing,
Pace University-LGBTQA & Social Justice Center,Pace University-LGBTQA & Social Justice Center,,40.815796,-73.929978,,,HIV Testing,true,true,false,false,,,NYC Open Data: hiv_testing,
Staten Island LGBT Community Center,Staten Island LGBT Community Center,,40.656305,-73.888115,,,HIV Testing,true,true,false,false,,,NYC Open Data: hiv_testing,
The HIV Center for Clinical and Behavioral Studies at the New York State Psychiatric Institute and Columbia University,The HIV Center for Clinical and Behavioral Studies at the New York State Psychiatric Institute and Columbia University,,40.759733,-73.973702,,,HIV Testing,true,true,false,false,,,NYC Open Data: hiv_testing,
The Nigerian LGBT Community in New York City,The Nigerian LGBT Community in New York City,,,,,,HIV Testing,true,true,false,false,,,NYC Open Data: hiv_testing,
Young Women of Color HIV/AIDS Coalition,Young Women of Color HIV/AIDS Coalition,,40.81921,-73.93554,,,HIV Testing,true,true,false,false,,,NYC Open Data: hiv_testing,
Bronx - Lebanon Hospital Center,Bronx - Lebanon HIV Testing Administrative Office,Bronx,,,(718) 960-1480,http://www.bronxcare.org/,HIV Testing,true,true,false,false,Monday: 9:00 AM - 4:00 PM; Tuesday: 9:00 AM - 4:00 PM; Wednesday: 9:00 AM - 4:00 PM; Thursday: 9:00 AM - 4:00 PM; Friday: 9:00 AM - 4:00 PM,,NYC Open Data: hiv_testing,
Bronx Community Health Network,Bronx Community Health Network - Corporate,Bronx,40.852577,-73.881072,(718) 405-7720,http://www.bchnhealth.org/,HIV Testing,true,true,false,false,,,NYC Open Data: hiv_testing,
Bronx HIV Advocacy Network,Bronx HIV Advocacy Network,Bronx,,,(347) 805-5180,http://www.bronxhivadvocacy.org/,HIV Testing,true,true,false,false,,,NYC Open Data: hiv_testing,
BronxWorks,BronxWorks HIV Prevention for Adolescents,Bronx,,,(718) 508-3049,http://www.bronxworks.org/,HIV Testing,true,true,false,false,,,NYC Open Data: hiv_testing,
Community Healthcare Network,Community Healthcare Network - Tremont Health Center,Bronx,,,(718) 294-5891,http://www.chnnyc.org/our-locations/tremont-health-center,HIV Testing,true,true,false,false,Monday: 9:00 AM - 4:30 PM; Tuesday: 11:00 AM - 5:00 PM; Wednesday: 9:00 AM - 4:30 PM; Thursday: 9:00 AM - 4:30 PM; Friday: 9:00 AM - 4:30 PM,,NYC Open Data: hiv_testing,
Community Healthcare Network,Community Healthcare Network - Bronx Health Center,Bronx,40.852577,-73.881072,(718) 320-4466,http://www.chnnyc.org/our-locations/bronx-health-center,HIV Testing,true,true,false,false,Monday: 9:00AM - 6:00PM; Tuesday: 9:00AM - 5:00PM; Wednesday: 10:00AM - 6:00PM; Thursday: 9:00AM - 7:00PM; Friday: 9:00AM - 5:00PM; Saturday: 8:30AM - 3:30PM,,NYC Open Data: hiv_testing,
Community Healthcare Network,Community Healthcare Network-- Tremont Health Center,Bronx,,,718-294-5891,,HIV Testing,true,true,false,false,Monday: 9:00 AM- 5:00 PM; Tuesday: 11:00 AM -7:00 PM; Wednesday: 9:00 AM- 5:00 PM; Thursday: 9:00 AM- 5:00 PM; Friday: 9:00 AM- 5:00 PM; Saturday: 8:30 AM- 3:30 PM,,NYC Open Data: hiv_testing,
Destination Tomorrow,Destination Tomorrow,Bronx,40.880754,-73.860112,646-723-3325,,HIV Testing,true,true,false,false,,,NYC Open Data: hiv_testing,
Destination Tomorrow,452 E 149th St,Bronx,40.81535,-73.915961,"sean@destinationtomorrow.org, asantiago@destinationtomorrow.org, drtillery@destinationtomorrow.org, eishelle@destinationtomorrow.org",http://destinationtomorrow.org/,HIV Testing,true,true,false,false,,,NYC Open Data: hiv_services,
HHC Morrisania Diagnostic and Treatment Center,HHC Morrisania Diagnostic and Treatment Center,Bronx,,,(718) 960-2777,http://www.nyc.gov/html/hhc/html/about/About-HospServices-PrimaryPre-Morrisania.shtml,HIV Testing,true,true,false,false,Monday: 9:00 AM - 5:00 PM; Tuesday: 9:00 AM - 5:00 PM; Wednesday: 9:00 AM - 5:00 PM; Thursday: 9:00 AM - 5:00 PM; Friday: 9:00 AM - 5:00 PM,,NYC Open Data: hiv_testing,Medicaid is accepted as full payment; Uninsured may receive care at little or no cost depending on income; Medicare and other insurance plans will be contacted for payment approval and may require patient to cover costs.
HHC Segundo Ruiz Belvis Diagnostic and Treatment Center,HHC Segundo Ruiz Belvis Diagnostic and Treatment Center,Bronx,,,(718) 579-4000,http://www.nyc.gov/html/hhc/html/about/About-HospServices-PrimaryPre-Belvis.shtml,HIV Testing,true,true,false,false,Monday: 8:30 AM - 5:00 PM; Tuesday: 8:30 AM - 5:00 PM; Wednesday: 8:30 AM - 5:00 PM; Thursday: 8:30 AM - 5:00 PM; Friday: 8:30 AM - 5:00 PM,,NYC Open Data: hiv_testing,Medicaid is accepted as full payment; Uninsured may receive care at little or no cost depending on income; Medicare and other insurance plans will be contacted for payment approval and may require patient to cover costs.
Mayor's Office,NYC Family Justice Center,Bronx,,,212-639-9675; 311; 911,www.nyc.gob/domesticviolence,HIV Testing,true,true,false,false,,,NYC Open Data: hiv_testing,
Montefiore Medical Center,The Oval Center at Montefiore,Bronx,,,718-882-5482,http://www.montefiore.org/std,HIV Testing,true,true,false,false,,,NYC Open Data: hiv_testing,
Montefiore Medical Center,Montefiore STD Center For Excellence,Bronx,,,(718) 882-5482,,HIV Testing,true,true,false,false,Monday: 1:00 PM - 6:00 PM; Tuesday: 1:00 PM - 6:00 PM; Wednesday: 1:00 PM - 6:00 PM,,NYC Open Data: hiv_testing,
Morris Heights Health Center,MHHC Women's Health Pavillion,Bronx,,,(718) 716-2229,http://www.mhhc.org/locations/womens-health-and-birthing-pavilion/,HIV Testing,true,true,false,false,Monday: 8:00AM - 8:00PM; Tuesday: 8:00 AM - 7:00 PM; Wednesday: 8:00 AM - 7:00 PM; Thursday: 8:00 AM - 7:00 PM; Friday: 8:00 AM - 7:00 PM; Saturday: 8:00 AM - 7:00 PM,,NYC Open Data: hiv_testing,
Morrisania Sexual Health Clinic,"1309 Fulton Avenue, Second Floor, Bronx, NY 10456",Bronx,40.832794,-73.903443,,https://www.nyc.gov/site/doh/services/sexual-health-clinics.page,DOH,true,true,true,true,,true,NYC Health Department Website,
Muslim Women's Institute for Research and Development,Muslim Women's Institute for Research and Development,Bronx,40.729896,-73.996026,(718) 960-2262,,HIV Testing,true,true,false,false,,,NYC Open Data: hiv_testing,
NYC DOHMH STD Control,Morrisania STD Clinic,Bronx,,,N/A,,HIV Testing,true,true,false,false,Monday: 8:30 AM - 3:30 PM; Tuesday: 8:30 AM - 3:30 PM; Wednesday: 8:30 AM - 3:30 PM; Thursday: 8:30 AM - 3:30 PM; Friday: 8:30 AM - 3:30 PM,,NYC Open Data: hiv_testing,
Planned Parenthood-New York City Chapter,Planned Parenthood The Bronx Center,Bronx,,,(212) 965-7000,http://www.plannedparenthood.org/health-center/new-york/bronx/10451/the-bronx-center-2524-91110,HIV Testing,true,true,false,false,Monday: 8:00 AM - 4:00 PM; Tuesday: 8:00 AM - 4:30 PM; Wednesday: 8:00 AM - 6:30 PM; Thursday: 8:00 AM - 6:30 PM; Friday: 8:00 AM - 6:00 PM; Saturday: 8:00 AM - 4:00 PM,,NYC Open Data: hiv_testing,
Planned Parenthood-New York City Chapter,PPNYC Project Street Beat,Bronx,40.82301,-73.9084,(212) 965-7000,,HIV Testing,true,true,false,false,"Tuesday: 9:00 AM - 11:30 AM, 1:30 PM - 3:30 PM; Wednesday: 9:00 AM - 11:30 AM, 1:30 PM - 3:30 PM; Thursday: 9:00 AM - 11:30 AM, 1:30 PM - 3:30 PM; Friday: 1:30 PM - 3:30 PM; Saturday: 9:00 AM - 2:30 PM",,NYC Open Data: hiv_testing,
The Institute for Family Health,IFH Westchester Avenue Center,Bronx,,,(718) 239-1610,,HIV Testing,true,true,false,false,Monday: 8:30 AM - 5:00 PM; Tuesday: 8:30 AM - 5:00 PM; Wednesday: 8:30 AM - 5:00 PM; Thursday: 8:30 AM - 5:00 PM; Friday: 8:30 AM - 5:00 PM,,NYC Open Data: hiv_testing,
The Institute for Family Health,IFH Walton Family Health Center,Bronx,,,(718) 583-3060,,HIV Testing,true,true,false,false,Monday: 8:30 AM - 7:30 PM; Tuesday: 8:30 AM - 4:30 PM; Wednesday: 8:30 AM - 4:30 PM; Thursday: 10:00 AM - 4:30 PM; Friday: 8:30 AM - 4:30 PM; Saturday: Adults only: Sat: 8:30 AM - 3:00 PM,,NYC Open Data: hiv_testing,
The Institute for Family Health,IFH Urban Horizons Family Health Center,Bronx,,,(718) 293-3900,,HIV Testing,true,true,false,false,"Monday: 8:30 AM - 5:00 PM; Tuesday: 8:30 AM - 5:00 PM; Wednesday: 8:30 AM - 5:00 PM; Thursday: 8:30 AM - 5:00 PM; Friday: 8:30 AM - 5:00 PM; Saturday: 2nd and 4th Saturdays, 8:30 AM - 5:30 PM",,NYC Open Data: hiv_testing,
The Institute for Family Health,IFH Mount Hope Family Practice,Bronx,40.85017,-73.9094,(718) 583-9000,,HIV Testing,true,true,false,false,Monday: 8:30 AM - 5:00 PM; Tuesday: 8:30 AM - 5:00 PM; Wednesday: 8:30 AM - 5:00 PM; Thursday: 8:30 AM - 5:00 PM; Friday: 8:30 AM - 5:00 PM; Saturday: 8:30 AM - 12:30 PM,,NYC Open Data: hiv_testing,
The Institute for Family Health,IFH Parkchester Family Practice,Bronx,,,(718) 822-1818,,HIV Testing,true,true,false,false,Monday: 8:30 AM - 5:30 PM; Tuesday: 8:30 AM - 5:30 PM; Wednesday: 8:30 AM - 5:30 PM; Thursday: 8:30 AM - 5:30 PM; Friday: 8:30 AM - 5:30 PM,,NYC Open Data: hiv_testing,
Union Community Health Center,Union Community Health Center Family Practice Site,Bronx,40.77365,-73.96085,(718) 960-3805,,HIV Testing,true,true,false,false,Monday: 9:00 AM - 5:00 PM; Tuesday: 9:00 AM - 5:00 PM; Wednesday: 9:00 AM - 5:00 PM; Thursday: 9:00 AM - 5:00 PM; Friday: 9:00 AM - 5:00 PM,,NYC Open Data: hiv_testing,
Union Community Health Center,Union Community Health Center at 188th Street,Bronx,,,(718) 220-2020,,HIV Testing,true,true,false,false,Monday: 9:00 AM - 5:00 PM; Tuesday: 9:00 AM - 5:00 PM; Wednesday: 9:00 AM - 5:00 PM; Thursday: 9:00 AM - 5:00 PM; Friday: 9:00 AM - 5:00 PM,,NYC Open Data: hiv_testing,
Union Community Health Center,Union Community Health Center,Bronx,40.77365,-73.96085,(718) 220-2020 ext 8263,http://www.uchcbronx.org/,HIV Testing,true,true,false,false,Monday: 9:00 AM - 4:00 PM; Tuesday: 9:00 AM - 4:00 PM; Wednesday: 9:00 AM - 4:00 PM; Thursday: 9:00 AM - 4:00 PM; Friday: 9:00 AM - 4:00 PM,,NYC Open Data: hiv_testing,
Urban Health Plan,Urban Health Plan Plaza Del Castillo Health Center,Bronx,40.655136,-73.946214,(718) 589-1600,http://www.urbanhealthplan.org/content/plaza-del-castillo-health-center,HIV Testing,true,true,false,false,Monday: 8:00 AM - 6:00 PM; Tuesday: 8:00 AM - 6:00 PM; Wednesday: 8:00 AM - 6:00 PM; Thursday: 8:00 AM - 6:00 PM; Friday: 8:00 AM - 6:00 PM; Saturday: 9:00 AM- 1:00 PM,,NYC Open Data: hiv_testing,
Abundant Life Christian Center,Abundant Life Christian Center,Brooklyn,,,(718) 566-2601,,HIV Testing,true,true,false,false,,,NYC Open Data: hiv_testing,
Arthur Ashe Urban Health,Arthur Ashe Institute for Urban Health,Brooklyn,,,718-222-5953,http://www.arthurasheinstitute.org/arthurashe/home/,HIV Testing,true,true,false,false,,,NYC Open Data: hiv_testing,
Brownsville Multi-Service Family Health Center,Brownsville Multi-Service Family Health Center - Institute for Speciality and Integrative Services,Brooklyn,40.698306,-73.74576,(718) 345-5000 ext. 4719,www.bmsfhc.wix.com/bms-family-health,HIV Testing,true,true,false,false,Monday: 8:30 AM - 4:30 PM; Tuesday: 8:30 AM - 4:30 PM; Wednesday: 8:30 AM - 4:30 PM; Thursday: 8:30 AM - 7:00 PM; Friday: 8:30 AM - 4:30 PM,,NYC Open Data: hiv_testing,
CAMBA (Church Avenue Merchants Block Association),CAMBA (Church Avenue Merchants Block Association) - Project Accept LGBT Youth (ALY),Brooklyn,40.6952,-73.94309,(718) 675-3372,http://www.camba.org/projectaly,HIV Testing,true,true,false,false,,,NYC Open Data: hiv_testing,
Caribbean Women's Health Association,Caribbean Women's Health Association,Brooklyn,,,(718) 826-2942,www.cwha.org,HIV Testing,true,true,false,false,Monday: 9:30 AM - 4:30 PM; Tuesday: 9:30 AM - 4:30 PM; Wednesday: 9:30 AM - 4:30 PM; Thursday: 9:30 AM - 4:30 PM; Friday: 9:30 AM - 4:30 PM,,NYC Open Data: hiv_testing,
Christian Fellowship Seventh-day Adventist Church,Christian Fellowship Seventh-day Adventist Church,Brooklyn,,,(718) 469-2050,http://www.christianfellowshipsda.org/,HIV Testing,true,true,false,false,,,NYC Open Data: hiv_testing,
Community Healthcare Network,Community Healthcare Network - CABS Health Center,Brooklyn,,,(718) 388-0390,http://www.chnnyc.org/our-locations/cabs-health-center,HIV Testing,true,true,false,false,Monday: 9:00AM - 5:00PM; Tuesday: 12:30 PM - 6:00 PM; Wednesday: 10:00AM - 6:00PM; Thursday: 9:00AM - 5:00PM; Friday: 9:00AM - 5:00PM; Saturday: 9:00AM - 4:00PM,,NYC Open Data: hiv_testing,
Community Healthcare Network,Community Healthcare Network - Caribbean House Health Center,Brooklyn,,,(718) 778-0198,http://www.chnnyc.org/our-locations/caribbean-house-health-center,HIV Testing,true,true,false,false,Monday: 9:00AM - 5:00PM; Tuesday: 10:00 PM - 8:00 PM; Wednesday: 9:00AM - 5:00PM; Thursday: 9:00AM - 5:00PM; Friday: 9:00AM - 5:00PM; Saturday: 8:30 AM- 3:30 PM,,NYC Open Data: hiv_testing,
Community Healthcare Network,Community Healthcare Network - Dr Betty Shabazz Health Center,Brooklyn,40.655136,-73.946214,(718)-277-8303,http://www.chnnyc.org/our-locations/dr-betty-shabazz-health-center,HIV Testing,true,true,false,false,Monday: 9:00AM - 5:00PM; Tuesday: 9:00 AM - 6:00 PM; Wednesday: 9:00 AM - 5:00 PM; Thursday: 9:00 AM - 6:00 PM; Friday: 9:00 AM - 5:00 PM; Saturday: 9:00AM - 4:00PM,,NYC Open Data: hiv_testing,
Community Healthcare Network,Community Healthcare Network- CABS Health Center,Brooklyn,,,718-388-0390,,HIV Testing,true,true,false,false,Monday: 9:00 AM - 5:00 PM; Tuesday: 10:00 AM- 6:00 PM; Wednesday: 10:00 AM- 6:00 PM; Thursday: 9:00 AM - 5:00 PM; Friday: 9:00 AM - 5:00 PM; Saturday: 9:00 AM- 4:00 PM,,NYC Open Data: hiv_testing,
Fort Greene Express Clinic,"295 Flatbush Avenue Extension, First Floor, Brooklyn, NY 11201",Brooklyn,40.691771,-73.982058,,https://www.nyc.gov/site/doh/services/sexual-health-clinics.page,DOH,true,true,true,true,,true,NYC Health Department Website,
Fort Greene Sexual Health Clinic,"295 Flatbush Avenue Extension, Second Floor, Brooklyn, NY 11201",Brooklyn,40.691771,-73.982058,,https://www.nyc.gov/site/doh/services/sexual-health-clinics.page,DOH,true,true,true,true,,true,NYC Health Department Website,
HHC Cumberland Diagnostic and Treatment Center,HHC Cumberland Diagnostic and Treatment Center,Brooklyn,,,(718) 260-7500,http://www.nyc.gov/html/hhc/html/about/About-HospServices-PrimaryPre-Cumberland.shtml,HIV Testing,true,true,false,false,Monday: 8:00 AM - 7:00 PM; Tuesday: 8:00 AM - 5:00 PM; Wednesday: 8:00 AM - 7:00 PM; Thursday: 8:00 AM - 5:00 PM; Friday: 8:00 AM - 5:00 PM,,NYC Open Data: hiv_testing,Medicaid is accepted as full payment; Uninsured may receive care at little or no cost depending on income; Medicare and other insurance plans will be contacted for payment approval and may require patient to cover costs.
HHC East New York Diagnostic and Treatment Center,HHC East New York Diagnostic and Treatment Center,Brooklyn,,,(718) 240-0400,http://www.nyc.gov/html/hhc/html/about/About-HospServices-PrimaryPre-EastNY.shtml,HIV Testing,true,true,false,false,Monday: 8:30 AM - 4:00 PM; Tuesday: 8:30 AM - 4:00 PM; Wednesday: 8:30 AM - 4:00 PM; Thursday: 8:30 AM - 4:00 PM; Friday: 8:30 AM - 4:00 PM; Saturday: 8:30 AM - 4:00 PM,,NYC Open Data: hiv_testing,Medicaid is accepted as full payment; Uninsured may receive care at little or no cost depending on income; Medicare and other insurance plans will be contacted for payment approval and may require patient to cover costs.
HHC Ida G. Israel Community Health Center,HHC Ida G. Israel Community Health Center,Brooklyn,40.655136,-73.946214,(718) 946-3400,,HIV Testing,true,true,false,false,Monday: 8:30 AM - 7:00 PM; Tuesday: 8:30 AM - 5:00 PM; Wednesday: 8:30 AM - 5:00 PM; Thursday: 8:30 AM - 5:00 PM; Friday: 8:30 AM - 5:00 PM; Saturday: 8:30 AM - 1:00 PM,,NYC Open Data: hiv_testing,Medicaid is accepted as full payment; Uninsured may receive care at little or no cost depending on income; Medicare and other insurance plans will be contacted for payment approval and may require patient to cover costs.
Housing Works Housing Works,Housing Works Community Health Care - East New York Health Center,Brooklyn,40.655136,-73.946214,718-277-0386,,HIV Testing,true,true,false,false,Monday: 9:00AM - 5:00PM; Tuesday: 9:00AM - 5:00PM; Wednesday: 9:00AM - 5:00PM; Thursday: 9:00AM - 9:00PM; Sunday: 9:00AM - 3:00PM,,NYC Open Data: hiv_testing,
Housing Works Housing Works,East New York Community Health Center,Brooklyn,40.655136,-73.946214,718-827-8700,,HIV Testing,true,true,false,false,Monday: 9:00 AM- 5:00 PM; Tuesday: 9:00 AM- 5:00 PM; Wednesday: 9:00 AM- 5:00 PM; Thursday: 9:00 AM- 5:00 PM; Friday: 9:00 AM- 5:00 PM,,NYC Open Data: hiv_testing,
MIC Women's Health Center,MIC Women's Health Center--Fort Greene,Brooklyn,,,718-522-1144,,HIV Testing,true,true,false,false,Monday: 9:00 AM- 5:00 PM; Tuesday: 9:00 AM- 5:00 PM; Wednesday: 9:00 AM- 5:00 PM; Thursday: 9:00 AM- 5:00 PM; Friday: 9:00 AM- 5:00 PM,,NYC Open Data: hiv_testing,
MIC Women's Health Center,MIC Women's Health Services - Fort Greene,Brooklyn,,,(718) 522-1144,,HIV Testing,true,true,false,false,Monday: 9:00 AM - 5:00 PM; Tuesday: 9:00 AM - 5:00 PM; Wednesday: 9:00 AM - 5:00 PM; Thursday: 9:00 AM - 5:00 PM; Friday: 9:00 AM - 5:00 PM; Saturday: Every other Sat: 8:30 AM - 4:00 PM,,NYC Open Data: hiv_testing,
MIC Women's Health Center,MIC Women's Health Services - Bushwick,Brooklyn,,,(718) 443-9300,,HIV Testing,true,true,false,false,,,NYC Open Data: hiv_testing,
MIC Women's Health Center,MIC Women's Health Services - Eastern Parkway,Brooklyn,40.67103,-73.9575,(718) 498-1001,,HIV Testing,true,true,false,false,Monday: 9:00 AM - 5:00 PM; Tuesday: 9:00 AM - 5:00 PM; Wednesday: 9:00 AM - 5:00 PM; Thursday: 9:00 AM - 5:00 PM; Friday: 9:00 AM - 5:00 PM,,NYC Open Data: hiv_testing,
MIC Women's Health Center,MIC Women's Health Center- Eastern Parkway,Brooklyn,40.67103,-73.9575,718-498-1001,,HIV Testing,true,true,false,false,Monday: 9:00 AM- 5:00 PM; Tuesday: 9:00 AM- 5:00 PM; Wednesday: 9:00 AM- 5:00 PM; Thursday: 9:00 AM- 5:00 PM; Friday: 9:00 AM- 5:00 PM,,NYC Open Data: hiv_testing,
NYC DOHMH STD Control,Crown Heights STD Clinic,Brooklyn,,,N/A,,HIV Testing,true,true,false,false,Monday: 8:30 AM - 3:30 PM.; Tuesday: 8:30 AM - 3:30 PM.; Wednesday: 8:30 AM - 3:30 PM.; Thursday: 8:30 AM - 3:30 PM.; Friday: 8:30 AM - 3:30 PM.,,NYC Open Data: hiv_testing,
NYC DOHMH STD Control,Fort Greene STD Clinic,Brooklyn,,,N/A,,HIV Testing,true,true,false,false,Tuesday: 8:30 AM - 3:30 PM; Wednesday: 8:30 AM - 3:30 PM; Thursday: 8:30 AM - 3:30 PM; Friday: 8:30 AM - 3:30 PM; Saturday: 8:30 AM - 3:30 PM,,NYC Open Data: hiv_testing,
NYU Lutheran Medical Center,Lutheran Medical Center - Sunset Park Terrace/Women's Health Achieve Clinic,Brooklyn,40.647365,-74.01212,(718) 630-6891,,HIV Testing,true,true,false,false,Monday: 8:30 AM - 7:00 PM; Tuesday: 8:30 AM - 7:00 PM; Wednesday: 8:30 AM - 7:00 PM; Thursday: 8:30 AM - 7:00 PM; Friday: 8:30 AM - 7:00 PM; Saturday: 9:00 AM - 4:00 PM,,NYC Open Data: hiv_testing,
Planned Parenthood-New York City Chapter,Planned Parenthood Boro Hall Center (Brooklyn),Brooklyn,,,(212) 965-7000,http://www.plannedparenthood.org/health-center/new-york/brooklyn/11201/boro-hall-center-2522-91110,HIV Testing,true,true,false,false,Monday: 8 AM - 4:30 PM; Tuesday: 8:00 AM - 4:30 PM; Wednesday: 8:00 AM - 4:30 PM; Thursday: 8:00 AM - 7:00 PM; Friday: 8:00 AM - 4:30 PM; Saturday: 8:30 AM - 4 PM,,NYC Open Data: hiv_testing,
SUNY Downstate Medical Center Suny Downstate Medical Center,SUNY Downstate Medical Center STAR Health Center,Brooklyn,40.655136,-73.946214,(718) 270-7293,http://www.downstate.edu/hiv/AETC.html,HIV Testing,true,true,false,false,Monday: 9:00 AM - 3:00 PM; Tuesday: 9:00 AM - 3:00 PM; Wednesday: 9:00 AM - 3:00 PM,,NYC Open Data: hiv_testing,
APICHA Community Health Center,APICHA Community Health Center,Manhattan,40.77365,-73.96085,866-274-2429,https://apicha.org,HIV Testing,true,true,false,false,Monday: 10:00 AM - 4:30 PM; Tuesday: 10:00 AM - 4:30 PM; Wednesday: 12:00 PM - 6:30 PM; Thursday: 10:00 AM - 4:30 PM; Friday: 10:00 AM - 4:30 PM,,NYC Open Data: hiv_testing,
APICHA Community Health Center,400 Broadway,Manhattan,40.718702,-74.002464,"tau@apicha.org, vvacharakitja@apicha.org",https://apicha.org/,HIV Testing,false,true,false,false,,,NYC Open Data: hiv_services,
Audubon Family Planning Center,Audubon Family Planning Center,Manhattan,,,(866) 463-2778,http://www.youngmensclinic.org/,HIV Testing,true,true,false,false,Monday: 8:00 AM - 8:30 PM; Tuesday: 8:00 AM - 7:30 PM; Wednesday: 8:00 AM - 7:30 PM; Thursday: 8:00 AM - 5:00 PM; Friday: 9:00 AM - 5:00 PM,,NYC Open Data: hiv_testing,
Callen Lorde Community Health Center,Callen Lorde Community Health Center,Manhattan,40.655136,-73.946214,212-271-7200,www.callen-lorde.org,HIV Testing,true,true,false,false,Monday: 8:30 AM -8:30 PM; Tuesday: 8:30 AM - 8:30 PM; Wednesday: 8:30 AM - 8:30 PM; Thursday: 8:30 AM - 8:30 PM; Friday: 8:30 AM - 4:30 PM; Saturday: 8:30 AM - 3:30 PM,,NYC Open Data: hiv_testing,
Callen Lorde Community Health Center,Community Health Project,Manhattan,40.77365,-73.96085,(212) 627-3769,,HIV Testing,true,true,false,false,,,NYC Open Data: hiv_testing,
Callen-Lorde Community Health Center,356 West 18th Street,Manhattan,40.742905,-74.00227,"ahardikar@callen-lorde.org, ngoykhberg@callen-lorde.org, ashardikar@gmail.com",callen-lorde.org/,HIV Testing,false,true,false,false,,,NYC Open Data: hiv_services,
Central Harlem Sexual Health Clinic,"2238 Fifth Avenue, First Floor, Manhattan, NY 10037",Manhattan,40.813864,-73.93715,,https://www.nyc.gov/site/doh/services/sexual-health-clinics.page,DOH,true,true,true,true,,true,NYC Health Department Website,
Charles B Wang Community Health Center - Teens,Charles B Wang Community Health Center - Teens,Manhattan,40.655136,-73.946214,(212) 226-3888,,HIV Testing,true,true,false,false,,,NYC Open Data: hiv_testing,
Charles B Wang Community Health Center - Teens,Charles B Wang Community Health Center - Canal,Manhattan,40.655136,-73.946214,(212) 379-6996,,HIV Testing,true,true,false,false,,,NYC Open Data: hiv_testing,
Chelsea Express Clinic,"303 9th Avenue, First Floor, Manhattan, NY 10001",Manhattan,40.749585,-73.99983,,https://www.nyc.gov/site/doh/services/sexual-health-clinics.page,DOH,true,true,true,true,,true,NYC Health Department Website,
Chelsea Sexual Health Clinic,"303 9th Avenue, First Floor, Manhattan, NY 10001",Manhattan,40.749585,-73.99983,,https://www.nyc.gov/site/doh/services/sexual-health-clinics.page,DOH,true,true,true,true,,true,NYC Health Department Website,
Clinic - Lenox Avenue,Clinic - Lenox Avenue,Manhattan,40.841014,-73.940741,(212) 961-5742,,HIV Testing,true,true,false,false,Monday: 11:00 AM - 7:00 PM; Tuesday: 9:00 AM - 5:00 PM; Wednesday: 9:00 AM - 5:00 PM; Thursday: 9:00 AM - 5:00 PM; Friday: 9:00 AM - 7:00 PM,,NYC Open Data: hiv_testing,
Community Healthcare Network,Community Healthcare Network - Seward Park Campus SBHC,Manhattan,,,212-432-8490,http://www.chnnyc.org/our-locations/seward-park-campus-sbhc,HIV Testing,true,true,false,false,Monday: OPEN DURING SCHOOL HOURS; Tuesday: OPEN DURING SCHOOL HOURS; Wednesday: OPEN DURING SCHOOL HOURS; Thursday: OPEN DURING SCHOOL HOURS; Friday: OPEN DURING SCHOOL HOURS,,NYC Open Data: hiv_testing,
Community Healthcare Network,Community Healthcare Network - Administration Office,Manhattan,,,(212) 545-2439,http://www.chnnyc.org/,HIV Testing,true,true,false,false,,,NYC Open Data: hiv_testing,
Community Healthcare Network,Community Healthcare Network - Community League Health Center,Manhattan,40.77365,-73.96085,(212)-781-7979,http://www.chnnyc.org/our-locations/community-league-health-center,HIV Testing,true,true,false,false,Monday: 9:30 AM- 6:00 PM; Tuesday: 8:30 AM-5:00 PM; Wednesday: 10:30 AM- 7:00 PM; Thursday: 8:30 AM-5:00 PM; Friday: 8:30 AM-5:00 PM; Saturday: 9:00 AM - 4:00 PM,,NYC Open Data: hiv_testing,
Community Healthcare Network,Community Healthcare Network - Catherine M. Abate Center,Manhattan,,,(212)-477-1120,http://www.chnnyc.org/our-locations/catherine-m-abate-health-center-formerly-the-downtown-health-center,HIV Testing,true,true,false,false,Monday: 9:00 AM - 5:00 PM; Tuesday: :00 AM - 5:00 PM; Wednesday: 9:00 AM - 7:00 PM; Thursday: 9:00 AM - 7:00 PM; Friday: :00 AM - 5:00 PM; Saturday: 8:30 AM - 3:30 PM,,NYC Open Data: hiv_testing,
Community Healthcare Network,Community Healthcare Network - Helen B Atkinson Health Center,Manhattan,40.655136,-73.946214,(212)-426-0088,http://www.chnnyc.org/our-locations/helen-b-atkinson-health-center,HIV Testing,true,true,false,false,Monday: 9:00AM - 5:00PM; Tuesday: 9:00AM - 5:00PM; Wednesday: 9:00AM - 7:00PM; Thursday: 9:00AM - 5:00PM; Friday: 9:00AM - 5:00PM; Saturday: 9:00AM - 4:00PM,,NYC Open Data: hiv_testing,
HHC Harlem Hospital - Family Planning Clinic,HHC Harlem Hospital - Family Planning Clinic,Manhattan,40.814111,-73.939711,(212) 935-8275,,HIV Testing,true,true,false,false,Monday: 9:00 AM - 7:00 PM; Tuesday: 9:00 AM - 5:00 PM; Wednesday: 9:00 AM - 5:00 PM; Thursday: 9:00 AM - 5:00 PM; Friday: 9:00 AM - 5:00 PM,,NYC Open Data: hiv_testing,
HHC Renaissance Healthcare Network Diagnostic and Treatment Center,HHC Renaissance Healthcare Network Diagnostic and Treatment Center,Manhattan,,,(212) 932-6500,http://www.nyc.gov/html/hhc/html/about/About-HospServices-PrimaryPre-Renaissance.shtml,HIV Testing,true,true,false,false,Monday: 9:00 AM - 5:00 PM; Tuesday: 9:00 AM - 5:00 PM; Wednesday: 9:00 AM - 5:00 PM; Thursday: 9:00 AM - 5:00 PM; Friday: 9:00 AM - 5:00 PM,,NYC Open Data: hiv_testing,Medicaid is accepted as full payment; Uninsured may receive care at little or no cost depending on income; Medicare and other insurance plans will be contacted for payment approval and may require patient to cover costs.
HIV Law Project,HIV Law Project,Manhattan,,,(212) 577-3001,,HIV Testing,true,true,false,false,,,NYC Open Data: hiv_testing,
Hetrick-Martin Institute,Hetrick-Martin Institute,Manhattan,,,(212) 674-2400,http://www.hmi.org/,HIV Testing,true,true,false,false,Monday: 3:15-5PM; Tuesday: 3:15-5PM; Wednesday: 3:15-5PM; Thursday: 3:15-5PM; Friday: 3:15-5PM; Saturday: 11-4PM,,NYC Open Data: hiv_testing,
Institute for Community Living,Institute for Community Living,Manhattan,40.698306,-73.74576,(212) 385-3030,,HIV Testing,true,true,false,false,,,NYC Open Data: hiv_testing,
"Mobilization for Justice, Inc., formerly known as MFY Legal Services, Inc.","100 William Street, 6th Floor",Manhattan,40.708497,-74.007477,rkahn@mfjlegal.org,https://mobilizationforjustice.org/,HIV Testing,true,true,false,false,,,NYC Open Data: hiv_services,
NYC DOHMH,Renaissance Health Care Network Diagnostic and Treatment Center,Manhattan,,,(212) 932-6500,,HIV Testing,true,true,false,false,,,NYC Open Data: hiv_testing,
NYC DOHMH STD Control,Central Harlem STD Clinic,Manhattan,40.78249,-73.96554,N/A,,HIV Testing,true,true,false,false,Tuesday: 8:30 AM - 3:30 PM; Wednesday: 8:30 AM - 3:30 PM; Thursday: 8:30 AM - 3:30 PM; Friday: 8:30 AM - 3:30 PM; Saturday: 8:30 AM - 3:30 PM,,NYC Open Data: hiv_testing,
NYC DOHMH STD Control,Riverside STD Clinic,Manhattan,,,N/A,,HIV Testing,true,true,false,false,"Tuesday: 8:30 AM - 3:00 PM, 5:00 PM - 7:00 PM; Wednesday: 8:30 AM - 3:00 PM; Thursday: 8:30 AM - 3:00 PM, 5:00 PM - 7:00 PM; Friday: 8:30 AM - 3:00 PM; Saturday: 8:30 AM - 3:00 PM",,NYC Open Data: hiv_testing,
NYC DOHMH STD Control,Chelsea STD Clinic **CLOSED AS OF 3/23**,Manhattan,,,,,HIV Testing,true,true,false,false,,,NYC Open Data: hiv_testing,
NYC DOHMH STD Control,Manhattanville Renaissance STD Clinic,Manhattan,,,N/A,,HIV Testing,true,true,false,false,Monday: 8:30 AM - 3:30 PM; Tuesday: 8:30 AM - 3:30 PM; Wednesday: 8:30 AM - 3:30 PM; Thursday: 8:30 AM - 3:30 PM; Friday: 8:30 AM - 3:30 PM,,NYC Open Data: hiv_testing,
NYC DOHMH STD Control,Corona STD Clinic,Manhattan,,,N/A,,HIV Testing,true,true,false,false,Wednesday: 8:30 AM - 3:30 PM; Friday: 8:30 AM - 3:30 PM,,NYC Open Data: hiv_testing,
"National Development and Research Institutes, Inc.","National Development and Research Institutes, Inc.",Manhattan,,,(212) 845-4400,http://www.ndri.org/,HIV Testing,true,true,false,false,,,NYC Open Data: hiv_testing,
New York Presbyterian Hospital,NYP/Columbia University Medical Center - Harkness Pavillion,Manhattan,,,(212) 342-1687,,HIV Testing,true,true,false,false,Monday: 8:30 AM - 4:00PM; Tuesday: 8:30 AM - 4:00PM; Wednesday: 8:30 AM - 4:00PM; Thursday: 8:30 AM - 4:00PM; Friday: 8:30 AM - 4:00PM,,NYC Open Data: hiv_testing,
Planned Parenthood Federation of America (Global Central Office),Planned Parenthood Federation of America,Manhattan,,,(212) 541-7800,http://www.plannedparenthood.org,HIV Testing,true,true,false,false,,,NYC Open Data: hiv_testing,
Planned Parenthood of Greater New York,26 Bleecker Street,Manhattan,40.725564,-73.993488,shaun.turnbull@ppgreaterny.org,https://www.plannedparenthood.org/planned-parenthood-greater-new-york,HIV Testing,false,true,false,false,,,NYC Open Data: hiv_services,
Planned Parenthood-New York City Chapter,Planned Parenthood Margaret Sanger Center (Manhattan),Manhattan,,,(212) 965-7000,http://www.plannedparenthood.org/health-center/new-york/new-york/10012/margaret-sanger-center-3325-91110,HIV Testing,true,true,false,false,Monday: 8:30 AM - 4:30 PM; Tuesday: 8:00 AM - 5:00 PM; Wednesday: 8:00 AM - 7:00 PM; Thursday: 8:00 AM - 7:00 PM; Friday: 8:00 AM - 7:00 PM; Saturday: 8:30 AM - 4:30 PM,,NYC Open Data: hiv_testing,
Puerto Rican Family Institute,Puerto Rican Family Institute,Manhattan,,,(212)924-6320,,HIV Testing,true,true,false,false,,,NYC Open Data: hiv_testing,
The Institute for Family Health,The Institute for Family Health,Manhattan,,,(212) 633-0800,,HIV Testing,true,true,false,false,,,NYC Open Data: hiv_testing,
The Institute for Family Health,16 East 16th Street,Manhattan,40.737122,-73.99218,"lcurry@institute.org, jmusella@institute.org, acurry@institute.org, mifrazier@institute.org",https://www.institute.org/,HIV Testing,true,true,false,false,,,NYC Open Data: hiv_services,
Urban Justice Center (SWOP),Urban Justice Center,Manhattan,40.702908,-74.01398,,,HIV Testing,true,true,false,false,,,NYC Open Data: hiv_testing,
William F. Ryan Community Health Network,Ryan Women and Children's Center,Manhattan,,,212-316-8300,http://www.ryancenter.org/find.htm,HIV Testing,true,true,false,false,Monday: 8:30 am - 7:00 pm; Tuesday: 8:30 am - 4:30 pm; Wednesday: 8:30 am - 4:30 pm; Thursday: 8:30 am - 7:00 pm; Friday: 8:30 am - 4:30 pm; Saturday: 9:30 am- 1:00 pm,,NYC Open Data: hiv_testing,
William F. Ryan Community Health Network,Ryan/Adair Community Health Center,Manhattan,,,212-222-5221,http://www.ryancenter.org/find.htm,HIV Testing,true,true,false,false,Monday: 9:00am-5:00pm; Tuesday: 9:00am-5:00pm; Wednesday: 9:00am-5:00pm; Thursday: 9:00am-5:00pm; Friday: 9:00am-5:00pm,,NYC Open Data: hiv_testing,
William F. Ryan Community Health Network,Ryan-NENA Community Health Center,Manhattan,,,212-477-8500,http://www.ryancenter.org/find.htm,HIV Testing,true,true,false,false,Monday: 8:30 am - 7:00 pm; Tuesday: 8:30 am - 4:30 pm; Wednesday: 8:30 am - 4:30 pm; Thursday: 8:30 am - 7:00 pm; Friday: 8:30 am - 4:30 pm; Saturday: 9:30 am - 1:00 pm,,NYC Open Data: hiv_testing,
William F. Ryan Community Health Network,William F. Ryan Community Health Center,Manhattan,40.655136,-73.946214,212-749-1820,http://www.ryancenter.org/find.htm; http://std-clinics.healthgrove.com/l/4155/William-F-Ryan-Community-Health-Center,HIV Testing,true,true,false,false,Monday: 8:30 AM - 6:00 PM; Tuesday: 8:30 AM - 4:00 PM; Wednesday: 8:30 AM - 4:00 PM; Thursday: 8:30 AM - 6:00 PM; Friday: 8:30 AM - 4:00 PM; Saturday: 9:30 AM - 1:00 PM,,NYC Open Data: hiv_testing,
William F. Ryan Community Health Network,Ryan/Chelsea-Clinton Community Health Center,Manhattan,,,212-265-4500,http://www.ryancenter.org/find.htm,HIV Testing,true,true,false,false,Monday: 8:30 am - 7:00 pm; Tuesday: 8:30 am - 4:30 pm; Wednesday: 8:30 am - 4:30 pm; Thursday: 8:30 am - 7:00 pm; Friday: 8:30 am - 4:30 pm; Saturday: 9:30am-1:00pm,,NYC Open Data: hiv_testing,
Women's HIV Collaboration of NY,Women's HIV Collaboration of NY,Manhattan,,,(212) 367-1012,,HIV Testing,true,true,false,false,,,NYC Open Data: hiv_testing,
Charles B Wang Community Health Center - Teens,Charles B Wang Community Health Center - Women's Health Clinic,Queens,40.77365,-73.96085,(718) 886-1212,http://www.cbwchc.org/wh.asp,HIV Testing,true,true,false,false,,,NYC Open Data: hiv_testing,
Community Healthcare Network,Community Healthcare Network - Queens Health Center,Queens,,,(718)-657-7088,http://www.chnnyc.org/our-locations/queens-health-center,HIV Testing,true,true,false,false,Monday: 10:00AM - 6:00PM; Tuesday: 9:00AM - 5:00PM; Wednesday: 9:00AM - 5:00PM; Thursday: 9:00AM - 5:00PM; Friday: 9:00AM - 5:00PM; Saturday: 8:30AM - 3:30PM,,NYC Open Data: hiv_testing,
Community Healthcare Network,Community Healthcare Network - Family Health Center,Queens,,,(718)-523-2123,http://www.chnnyc.org/our-locations/family-health-center,HIV Testing,true,true,false,false,Monday: 10:00 AM - 6:00 PM; Tuesday: 11:00 AM- 7:00 PM; Wednesday: 9:00 AM - 5:00 PM; Thursday: 9:00 AM - 5:00 PM; Friday: 9:00 AM - 5:00 PM; Saturday: 8:30 AM - 3:30 PM,,NYC Open Data: hiv_testing,
Community Healthcare Network,Community Healthcare Network - Long Island City Health Center,Queens,40.690274,-73.980217,(718)-482-7772,http://www.chnnyc.org/our-locations/long-island-city-health-center,HIV Testing,true,true,false,false,Monday: 9:00 AM - 5:00 PM; Tuesday: 9:00 AM - 5:00 PM; Wednesday: 9:00 AM - 5:00 PM; Thursday: 9:00 AM - 5:00 PM; Friday: 9:00 AM - 5:00 PM; Saturday: 8:30 AM- 3:30 PM,,NYC Open Data: hiv_testing,
Corona Sexual Health Clinic,"34-33 Junction Boulevard, First Floor, Queens, NY 11372",Queens,40.754221,-73.871979,,https://www.nyc.gov/site/doh/services/sexual-health-clinics.page,DOH,true,true,true,true,,true,NYC Health Department Website,
Healthy Latino Community,Healthy Latino Community,Queens,,,(347) 752-0852,,HIV Testing,true,true,false,false,,,NYC Open Data: hiv_testing,
Jamaica Sexual Health Clinic,"90-37 Parsons Boulevard, First Floor, Queens, NY 11432",Queens,40.703964,-73.800209,,https://www.nyc.gov/site/doh/services/sexual-health-clinics.page,DOH,true,true,true,true,,true,NYC Health Department Website,
LGBT Network,Q Center,Queens,40.74433,-73.95695,516.323.0011,http://lgbtnetwork.org/q-center,HIV Testing,true,true,false,false,,,NYC Open Data: hiv_testing,
NYC DOHMH HIV/AIDS Prevention and Control,NYC DOHMH HIV/AIDS Prevention and Control,Queens,,,,http://www.nyc.gov/html/doh/html/living/std-hiv.shtml,HIV Testing,true,true,false,false,,,NYC Open Data: hiv_testing,
NYC DOHMH STD Control,Jamaica STD Clinic,Queens,,,N/A,,HIV Testing,true,true,false,false,Monday: 8:30 AM - 3:00 PM; Tuesday: 8:30 AM - 3:00 PM; Wednesday: 8:30 AM - 3:00 PM; Thursday: 8:30 AM - 3:00 PM; Friday: 8:30 AM - 3:00 PM,,NYC Open Data: hiv_testing,
North Shore LIJ,Adolescent and GYN Sexual Health Services - Long Island Jewish Medical Center,Queens,40.659406,-73.93371,516-465-3270,,HIV Testing,true,true,false,false,,,NYC Open Data: hiv_testing,
Planned Parenthood-New York City Chapter,Planned Parenthood Diane L. Max Health Center (Queens),Queens,40.690274,-73.980217,212-965-7000,https://www.plannedparenthood.org/health-center/new-york/queens/11101/diane-l.-max-health-center-4184-91110,HIV Testing,true,true,false,false,,,NYC Open Data: hiv_testing,
Beacon Christian Community Health Center,Beacon Christian Community Health Center,Staten Island,40.655136,-73.946214,(718) 815-6560,http://beaconcchc.com/,HIV Testing,true,true,false,false,,,NYC Open Data: hiv_testing,
Community Health Action of Staten Island (CHASI),Community Health Action of Staten Island- Main Office,Staten Island,40.527503,-74.214478,718-808-1300,http://chasiny.org,HIV Testing,true,true,false,false,,,NYC Open Data: hiv_testing,
Community Health Action of Staten Island (CHASI),Staten Island LGBT Center,Staten Island,40.64402,-74.102616,718-808-1360,http://chasiny.org,HIV Testing,true,true,false,false,Monday: 1:00 PM- 8:00 PM; Tuesday: 1:00 PM- 8:00 PM; Wednesday: 1:00 PM- 8:00 PM; Thursday: 1:00 PM- 8:00 PM; Friday: 1:00 PM- 8:00 PM,,NYC Open Data: hiv_testing,
Community Health Action of Staten Island (CHASI),Community Health Action of Staten Island- Community Food Pantry,Staten Island,40.527503,-74.214478,718-818-1840 / 718-818-1311,http://chasiny.org,HIV Testing,true,true,false,false,Monday: 9:00AM - 4:00PM; Tuesday: 9:00AM - 4:00PM; Wednesday: 9:00AM - 4:00PM; Thursday: 9:00AM - 4:00PM; Friday: 9:00AM - 4:00PM; Saturday: 9:00AM - 4:00PM,,NYC Open Data: hiv_testing,
Community Health Action of Staten Island (CHASI),Community Health Action of Staten Island- Hyatt Street,Staten Island,40.622138,-74.089612,718-808-1311,www.chasiny.org,HIV Testing,true,true,false,false,Monday: 9:00 AM - 4:00 PM; Tuesday: 19:00 AM - 4:00 PM; Wednesday: 9:00 AM - 4:00 PM; Thursday: 9:00 AM - 4:00 PM; Friday: 9:00 AM - 4:00 PM,,NYC Open Data: hiv_testing,
Community Health Action of Staten Island (CHASI),26 Bay Street,Staten Island,40.64139,-74.075957,"taryn.lyon@chasiny.org, felicia.caple@chasiny.org, denise.brown@chasiny.org",www.chasiny.org,HIV Testing,false,true,false,false,,,NYC Open Data: hiv_services,
Community Health Center of Richmond,Community Health Center of Richmond,Staten Island,40.77365,-73.96085,(718) 876-1732,chcrichmond.org,HIV Testing,true,true,false,false,Monday: 8:30am-8:30pm; Tuesday: 8:30am-10pm; Wednesday: 8:30am-8:30pm; Thursday: 8:30am-10pm; Friday: 8:30am-4:30pm; Saturday: 8:30am-12:30pm,,NYC Open Data: hiv_testing,
Community Health Center of Richmond,439 Port Richmond Avenue,Staten Island,40.631386,-74.13832,(718) 876-1732,chcrichmond.org,HIV Testing,true,true,false,false,Monday: 8am-5pm; Tuesday: 8am-5pm; Wednesday: 8am-5pm; Thursday: 8am-5pm; Friday: 8am-5pm,,NYC Open Data: hiv_testing,
Community Health Center of Richmond,235 Port Richmond Avenue,Staten Island,40.635621,-74.135021,"hthompson@chcrichmond.org, gharris@chcrichmond.org",www.chcrichmond.org,HIV Testing,false,true,false,false,,,NYC Open Data: hiv_services,
Planned Parenthood-New York City Chapter,Planned Parenthood Staten Island Center,Staten Island,,,(212) 965-7000,http://www.plannedparenthood.org/health-center/new-york/staten-island/10301/staten-island-center-3978-91110,HIV Testing,true,true,false,false,Monday: 9 AM - 6:30 PM; Wednesday: 9 AM - 6:30 PM; Thursday: 9 AM - 7:30 PM,,NYC Open Data: hiv_testing,
